<gallery
base = ""
background = "#FFFFFF"
banner = "#F0F0F0"
text = "#000000"
link = "#0000FF"
alink = "#FF0000"
vlink = "#800080"
date = "1/11/2012">
	<sitename>Adobe Web Photo Gallery</sitename>
	<photographer></photographer>
	<contactinfo></contactinfo>
	<email></email>
	<security><![CDATA[]]> </security>

<banner font = "Arial" fontsize = "3" color =  "#F0F0F0"> </banner>
<thumbnail base ="thumbnails/" font = "Arial" fontsize = "4" color = "#F0F0F0" border = "0" rows = "3" col = "5"> </thumbnail> 
<large base ="images/" font = "Arial" fontsize = "3" color = "#F0F0F0" border = "0"> </large>
<images id = "images">

<image
path = "Collisium.jpg"
width = "650"
height = "487"
thumbpath = "Collisium.jpg"
thumbwidth = "75"
thumbheight = "56">
</image>


<image
path = "Collisium2.jpg"
width = "650"
height = "487"
thumbpath = "Collisium2.jpg"
thumbwidth = "75"
thumbheight = "56">
</image>


<image
path = "futuristic city1.jpg"
width = "650"
height = "487"
thumbpath = "futuristic city1.jpg"
thumbwidth = "75"
thumbheight = "56">
</image>


<image
path = "mayapic2.jpg"
width = "650"
height = "487"
thumbpath = "mayapic2.jpg"
thumbwidth = "75"
thumbheight = "56">
</image>


<image
path = "pumpkin2.jpg"
width = "650"
height = "487"
thumbpath = "pumpkin2.jpg"
thumbwidth = "75"
thumbheight = "56">
</image>


<image
path = "spacestationpic.jpg"
width = "650"
height = "487"
thumbpath = "spacestationpic.jpg"
thumbwidth = "75"
thumbheight = "56">
</image>


<image
path = "warehouse3.jpg"
width = "650"
height = "365"
thumbpath = "warehouse3.jpg"
thumbwidth = "75"
thumbheight = "42">
</image>

</images>
</gallery>
